Method,Compression Ratio,Speed (KB/s)
gzip,0.33062119,18500.999848956682
zip,0.33195475,25527.341209623282
zstd,0.32833735,189299.31984421628
