Method,Compression Ratio,Speed (KB/s)
gzip,0.14027232948784688,17256.80798174912
zip,0.14298193204890378,60776.86480577132
zstd,0.14821208477163322,431275.5247200944
